{
	"pattrstorage" : 	{
		"name" : "all",
		"slots" : 		{
			"1" : 			{
				"id" : 1,
				"data" : 				{
					"left_del" : [ 79075.859375, 22303.449219, 49675.863281, 28386.207031 ],
					"left_del[1]" : [ 0.0, 0.0, 0.0, 0.0 ],
					"left_del[2]" : [ 48662.070312, 45620.691406, 90227.585938, 64882.757812 ],
					"left_del[3]" : [ 0.0, 0.0, 0.005747, 0.0 ],
					"live.gain~" : [ -9.573252 ],
					"live.gain~[1]" : [ -2.731609 ]
				}

			}
,
			"2" : 			{
				"id" : 2,
				"data" : 				{
					"left_del" : [ 42579.308594, 86172.414062, 64882.757812, 103406.898438 ],
					"left_del[1]" : [ 0.0, 0.0, 0.0, 0.0 ],
					"left_del[2]" : [ 69951.726562, 87186.203125, 90227.585938, 112531.03125 ],
					"left_del[3]" : [ 0.0, 0.0, 0.005747, 0.0 ],
					"live.gain~" : [ -9.573252 ],
					"live.gain~[1]" : [ -2.731609 ]
				}

			}
,
			"3" : 			{
				"id" : 3,
				"data" : 				{
					"left_del" : [ 59684.210938, 116715.789062, 54378.949219, 132631.578125 ],
					"left_del[1]" : [  ],
					"left_del[2]" : [  ],
					"left_del[3]" : [  ],
					"live.gain~" : [ -9.573053 ],
					"live.gain~[1]" : [ -2.731409 ]
				}

			}
,
			"4" : 			{
				"id" : 4,
				"data" : 				{
					"left_del" : [ 59684.210938, 116715.789062, 54378.949219, 132631.578125 ],
					"left_del[1]" : [  ],
					"left_del[2]" : [  ],
					"left_del[3]" : [  ],
					"live.gain~" : [ -9.573053 ],
					"live.gain~[1]" : [ -2.731409 ]
				}

			}

		}

	}

}
