{
	"pattrstorage" : 	{
		"name" : "all",
		"slots" : 		{
			"1" : 			{
				"id" : 1,
				"data" : 				{
					"dial" : [ 0.0 ],
					"dial[10]" : [ 0.0 ],
					"dial[11]" : [ 0.0 ],
					"dial[12]" : [ 0.0 ],
					"dial[13]" : [ 0.0 ],
					"dial[14]" : [ 0.0 ],
					"dial[15]" : [ 0.0 ],
					"dial[16]" : [ 0.0 ],
					"dial[17]" : [ 0.0 ],
					"dial[18]" : [ 0.0 ],
					"dial[19]" : [ 0.0 ],
					"dial[1]" : [ 0.0 ],
					"dial[20]" : [ 0.0 ],
					"dial[21]" : [ 0.0 ],
					"dial[22]" : [ 0.0 ],
					"dial[23]" : [ 0.0 ],
					"dial[24]" : [ 0.0 ],
					"dial[25]" : [ 0.0 ],
					"dial[26]" : [ 0.0 ],
					"dial[27]" : [ 0.0 ],
					"dial[28]" : [ 0.0 ],
					"dial[29]" : [ 0.0 ],
					"dial[2]" : [ 0.0 ],
					"dial[30]" : [ 0.0 ],
					"dial[31]" : [ 0.0 ],
					"dial[3]" : [ 0.0 ],
					"dial[4]" : [ 0.0 ],
					"dial[5]" : [ 0.0 ],
					"dial[6]" : [ 0.0 ],
					"dial[7]" : [ 0.0 ],
					"dial[8]" : [ 0.0 ],
					"dial[9]" : [ 0.0 ],
					"left_del" : [ 69218.34375, 27739.097656, 99351.71875, 57786.203125 ],
					"left_del[1]" : [ 0.0, 0.0, 0.0, 0.0 ],
					"left_del[2]" : [ 97324.132812, 31526.542969, 71494.625, 63588.539062 ],
					"left_del[3]" : [ 0.0, 0.0, 0.0, 0.0 ]
				}

			}
,
			"2" : 			{
				"id" : 2,
				"data" : 				{
					"dial" : [ 0.7 ],
					"dial[10]" : [ 0.725 ],
					"dial[11]" : [ 0.0 ],
					"dial[12]" : [ 0.0 ],
					"dial[13]" : [ 0.0 ],
					"dial[14]" : [ 0.0 ],
					"dial[15]" : [ 0.775 ],
					"dial[16]" : [ 0.425 ],
					"dial[17]" : [ 1.0 ],
					"dial[18]" : [ 1.0 ],
					"dial[19]" : [ 1.0 ],
					"dial[1]" : [ 1.0 ],
					"dial[20]" : [ 0.0 ],
					"dial[21]" : [ 0.575 ],
					"dial[22]" : [ 0.0 ],
					"dial[23]" : [ 0.0 ],
					"dial[24]" : [ 0.0 ],
					"dial[25]" : [ 0.0 ],
					"dial[26]" : [ 0.75 ],
					"dial[27]" : [ 0.0 ],
					"dial[28]" : [ 0.0 ],
					"dial[29]" : [ 0.0 ],
					"dial[2]" : [ 1.0 ],
					"dial[30]" : [ 0.0 ],
					"dial[31]" : [ 0.75 ],
					"dial[3]" : [ 1.0 ],
					"dial[4]" : [ 0.0 ],
					"dial[5]" : [ 0.725 ],
					"dial[6]" : [ 0.0 ],
					"dial[7]" : [ 0.0 ],
					"dial[8]" : [ 0.0 ],
					"dial[9]" : [ 0.0 ],
					"left_del" : [ 77048.273438, 27739.097656, 63868.964844, 68937.929688 ],
					"left_del[1]" : [ 0.0, 0.0, 0.0, 0.0 ],
					"left_del[2]" : [ 75020.6875, 31526.542969, 49675.863281, 76034.484375 ],
					"left_del[3]" : [ 0.0, 0.0, 0.0, 0.0 ]
				}

			}
,
			"3" : 			{
				"id" : 3,
				"data" : 				{
					"dial" : [ 0.35 ],
					"dial[10]" : [ 0.725 ],
					"dial[11]" : [ 0.4 ],
					"dial[12]" : [ 0.0 ],
					"dial[13]" : [ 0.0 ],
					"dial[14]" : [ 0.0 ],
					"dial[15]" : [ 0.775 ],
					"dial[16]" : [ 0.3 ],
					"dial[17]" : [ 1.0 ],
					"dial[18]" : [ 1.0 ],
					"dial[19]" : [ 1.0 ],
					"dial[1]" : [ 1.0 ],
					"dial[20]" : [ 0.0 ],
					"dial[21]" : [ 0.575 ],
					"dial[22]" : [ 0.425 ],
					"dial[23]" : [ 0.6 ],
					"dial[24]" : [ 0.0 ],
					"dial[25]" : [ 0.0 ],
					"dial[26]" : [ 0.75 ],
					"dial[27]" : [ 0.65 ],
					"dial[28]" : [ 0.0 ],
					"dial[29]" : [ 0.0 ],
					"dial[2]" : [ 1.0 ],
					"dial[30]" : [ 0.0 ],
					"dial[31]" : [ 0.75 ],
					"dial[3]" : [ 1.0 ],
					"dial[4]" : [ 0.0 ],
					"dial[5]" : [ 0.725 ],
					"dial[6]" : [ 0.425 ],
					"dial[7]" : [ 0.475 ],
					"dial[8]" : [ 0.0 ],
					"dial[9]" : [ 0.0 ],
					"left_del" : [ 57786.207031, 27739.097656, 48662.070312, 63868.964844 ],
					"left_del[1]" : [ 0.0, 0.0, 0.0, 0.0 ],
					"left_del[2]" : [ 79075.859375, 45620.691406, 88200.0, 41565.515625 ],
					"left_del[3]" : [ 0.0, 0.0, 0.0, 0.0 ]
				}

			}
,
			"4" : 			{
				"id" : 4,
				"data" : 				{
					"dial" : [ 0.25 ],
					"dial[10]" : [ 0.05 ],
					"dial[11]" : [ 1.0 ],
					"dial[12]" : [ 1.0 ],
					"dial[13]" : [ 1.0 ],
					"dial[14]" : [ 0.0 ],
					"dial[15]" : [ 0.125 ],
					"dial[16]" : [ 0.275 ],
					"dial[17]" : [ 1.0 ],
					"dial[18]" : [ 1.0 ],
					"dial[19]" : [ 1.0 ],
					"dial[1]" : [ 1.0 ],
					"dial[20]" : [ 1.0 ],
					"dial[21]" : [ 0.325 ],
					"dial[22]" : [ 1.0 ],
					"dial[23]" : [ 1.0 ],
					"dial[24]" : [ 1.0 ],
					"dial[25]" : [ 1.0 ],
					"dial[26]" : [ 0.2 ],
					"dial[27]" : [ 1.0 ],
					"dial[28]" : [ 1.0 ],
					"dial[29]" : [ 1.0 ],
					"dial[2]" : [ 1.0 ],
					"dial[30]" : [ 1.0 ],
					"dial[31]" : [ 0.3 ],
					"dial[3]" : [ 1.0 ],
					"dial[4]" : [ 1.0 ],
					"dial[5]" : [ 0.15 ],
					"dial[6]" : [ 1.0 ],
					"dial[7]" : [ 1.0 ],
					"dial[8]" : [ 1.0 ],
					"dial[9]" : [ 1.0 ],
					"left_del" : [ 77048.273438, 33455.171875, 89213.796875, 65896.554688 ],
					"left_del[1]" : [ 0.0, 0.0, 0.0, 0.0 ],
					"left_del[2]" : [ 75020.6875, 49675.863281, 71979.3125, 54744.828125 ],
					"left_del[3]" : [ 0.0, 0.0, 0.0, 0.0 ]
				}

			}

		}

	}

}
